butik,lada,flaskor,pris,frakt,totalt,kr_per_flaska,smak,kalla,kommentar,url
Vivino,2× Belle Pente Chardonnay 2022 ×6,12,335,59,394,33,,live,"ca 59 kr frakt; äldre uppgift; kod VIBJUDERPAFRAKTEN har gett fri frakt på första ordern; Vivino säljer per flaska; beräknat som 6 st, betyg 3.9",https://hopcaskandbarrel.com/shop/product/belle-pente-chardonnay/6647c75e746807519c72ff0e?option-id=d3fff6586d09fbe37c9a4e52b3904f3a9117a54d087b05deff6aadd11fd6c3b3&utm_source=vivino&utm_medium=feed
Vivino,2× Butterfield Station Firebaugh's Ferry Pinot Noir 2019 ×6,12,707,59,766,64,,live,"ca 59 kr frakt; äldre uppgift; kod VIBJUDERPAFRAKTEN har gett fri frakt på första ordern; Vivino säljer per flaska; beräknat som 6 st, betyg 3.5",https://www.socalws.com/products/butterfield-station-pinot-noir-088232005567
Dittvin,XL Lyxig vinlåda - Guld nivå 🏅🍷,12,899,0,899,75,,live,fri frakt från 695 kr; Bring 1–3 vardagar,https://dittvin.se/products/xl-luksus-vinlada-guld-niva
Supervin,2× Rosé Lyckolåda 12 flaskor,24,1 800,0,1 800,75,,live,fri frakt från 1000 kr; 2–5 vardagar,https://www.supervin.se/rose-lyckokasse-12-flaskor
Vivino,2× Magnificent Wine Riesling 2019 ×6,12,909,59,968,81,,live,"ca 59 kr frakt; äldre uppgift; kod VIBJUDERPAFRAKTEN har gett fri frakt på första ordern; Vivino säljer per flaska; beräknat som 6 st, betyg 3.7",https://hopcaskandbarrel.com/shop/product/the-magnificent-wine-co-riesling/6840e5adb46831261212a01c?option-id=d18083481e85d85d3b238e8087488ba4e14ba0ce005e57a2f0d409200251e3bc&utm_source=vivino&utm_medium=feed
Vivino,2× Yalumba Shiraz - Viognier 2022 ×6,12,938,59,997,83,,live,"ca 59 kr frakt; äldre uppgift; kod VIBJUDERPAFRAKTEN har gett fri frakt på första ordern; Vivino säljer per flaska; beräknat som 6 st, betyg 3.6",https://buywinesonline.com/products/yalumba-y-series-shiraz-viognier-2022-750-ml
Vivino,2× CK Mondavi Chardonnay 2023 ×6,12,938,59,997,83,,live,"ca 59 kr frakt; äldre uppgift; kod VIBJUDERPAFRAKTEN har gett fri frakt på första ordern; Vivino säljer per flaska; beräknat som 6 st, betyg 3.5",https://buywinesonline.com/products/ck-mondavi-chardonnay-750-ml
Vivino,2× Knotty Vines Cabernet Sauvignon 2020 ×6,12,941,59,1 000,83,,live,"ca 59 kr frakt; äldre uppgift; kod VIBJUDERPAFRAKTEN har gett fri frakt på första ordern; Vivino säljer per flaska; beräknat som 6 st, betyg 3.6",https://www.foramazingwine.com/shop/product/knotty-vines-cabernet-sauvignon/5e752e4e2cbc0c016ce9d316?option-id=e4625a23ecb5c8aedf157598a87967a39406c0a7f08514d4376918b0c568e676&utm_source=vivino&utm_medium=feed
Vivino,2× La Croix de Saint Jean Lo Mainatge 2009 ×6,12,943,59,1 002,84,,live,"ca 59 kr frakt; äldre uppgift; kod VIBJUDERPAFRAKTEN har gett fri frakt på första ordern; Vivino säljer per flaska; beräknat som 6 st, betyg 3.5",https://vendomes.com/
Vivino,2× Félix Solís Comte de Chamberi Mousseux Brut ×6,12,1 050,0,1 050,88,,live,"fri frakt från 1000 kr; äldre uppgift; kod VIBJUDERPAFRAKTEN har gett fri frakt på första ordern; Vivino säljer per flaska; beräknat som 6 st, betyg 3.6",https://hopcaskandbarrel.com/shop/product/felix-solis-comte-de-chamberi-bubbles/6a248e09d9e5ec0001dd76a3?option-id=7b0a963852defcb905d7bab93486920f7d51cd695e55e12753b1b49aba665f64&utm_source=vivino&utm_medium=feed
Vivino,2× Quinta de São Sebastião Arreio Branco 2022 ×6,12,1 056,0,1 056,88,,live,"fri frakt från 1000 kr; äldre uppgift; kod VIBJUDERPAFRAKTEN har gett fri frakt på första ordern; Vivino säljer per flaska; beräknat som 6 st, betyg 3.8",https://buywinesonline.com/products/arreio-white-blend-2023-750-ml
Vivino,2× Honoro Vera Rosé 2023 ×6,12,1 056,0,1 056,88,,live,"fri frakt från 1000 kr; äldre uppgift; kod VIBJUDERPAFRAKTEN har gett fri frakt på första ordern; Vivino säljer per flaska; beräknat som 6 st, betyg 3.7",https://buywinesonline.com/products/honoro-vera-rose-2023-750-ml
Vivino,2× St. Christopher Zeller Schwarze Katz 2025 ×6,12,1 056,0,1 056,88,,live,"fri frakt från 1000 kr; äldre uppgift; kod VIBJUDERPAFRAKTEN har gett fri frakt på första ordern; Vivino säljer per flaska; beräknat som 6 st, betyg 3.5",https://buywinesonline.com/products/st-christopher-riesling-qba-zeller-schwarze-katz-2025-750-ml
Vivino,2× Stephen Vincent Crimson Red Blend 2018 ×6,12,1 061,0,1 061,88,,live,"fri frakt från 1000 kr; äldre uppgift; kod VIBJUDERPAFRAKTEN har gett fri frakt på första ordern; Vivino säljer per flaska; beräknat som 6 st, betyg 3.9",https://www.mywineconnection.com/products/stephen-vincent-2018-crimson-750ml
Vivino,2× Adega de Monção Vinho Verde Muralhas Rosé 2023 ×6,12,1 061,0,1 061,88,,live,"fri frakt från 1000 kr; äldre uppgift; kod VIBJUDERPAFRAKTEN har gett fri frakt på första ordern; Vivino säljer per flaska; beräknat som 6 st, betyg 3.8",https://www.mywineconnection.com/products/adega-de-moncao-2023-muralhas-rose-750ml
Vivino,2× Bodega Norton Colección de los Andes Cabernet Sauvignon 2021 ×6,12,1 061,0,1 061,88,,live,"fri frakt från 1000 kr; äldre uppgift; kod VIBJUDERPAFRAKTEN har gett fri frakt på första ordern; Vivino säljer per flaska; beräknat som 6 st, betyg 3.5",https://www.socalws.com/products/bodega-norton-coleccion-cabernet-sauvignon-875238004089
Vivino,2× Ménage à Trois Red 2022 ×6,12,1 061,0,1 061,88,,live,"fri frakt från 1000 kr; äldre uppgift; kod VIBJUDERPAFRAKTEN har gett fri frakt på första ordern; Vivino säljer per flaska; beräknat som 6 st, betyg 3.9",https://www.socalws.com/products/menage-a-trois-red-099988071096
Dittvin,2× Moon vinlåda - 6 alkoholfria vinupplevelser 🤩🥂,6,360,189,549,92,,live,189 kr frakt; Bring 1–3 vardagar,https://dittvin.se/products/mane-vinladan
Vivino,2× Merino Tinto 2024 ×6,12,1 121,0,1 121,93,,live,"fri frakt från 1000 kr; äldre uppgift; kod VIBJUDERPAFRAKTEN har gett fri frakt på första ordern; Vivino säljer per flaska; beräknat som 6 st, betyg 3.7",https://www.abcwinecompany.com/product/merino-alentejano-tinto-2024-750-ml-3qgnimgu9xtkk
Vivino,2× Montefresco Montepulciano d'Abruzzo 2020 ×6,12,1 167,0,1 167,97,,live,"fri frakt från 1000 kr; äldre uppgift; kod VIBJUDERPAFRAKTEN har gett fri frakt på första ordern; Vivino säljer per flaska; beräknat som 6 st, betyg 3.7",https://hopcaskandbarrel.com/shop/product/montefresco-montepulciano-dabruzzo/5720db1569702d71876a1500?option-id=3729c1635ddc9b1595dd76704b9f04e370c757c8c27a2d78830e25089d0ad39c&utm_source=vivino&utm_medium=feed
Vivino,2× Magnificent Wine Cabernet Sauvignon 2019 ×6,12,1 169,0,1 169,97,,live,"fri frakt från 1000 kr; äldre uppgift; kod VIBJUDERPAFRAKTEN har gett fri frakt på första ordern; Vivino säljer per flaska; beräknat som 6 st, betyg 3.5",https://hopcaskandbarrel.com/shop/product/the-magnificent-wine-co-cabernet-sauvignon/5e7be1e21d593738ba184b57?option-id=92ecc23bcca500a0e8f237cc44371acbc41e2a23b745ebe97cfdc4b31cb4c879&utm_source=vivino&utm_medium=feed
Vivino,2× Mourchon Côtes du Rhône Red 2021 ×6,12,1 174,0,1 174,98,,live,"fri frakt från 1000 kr; äldre uppgift; kod VIBJUDERPAFRAKTEN har gett fri frakt på första ordern; Vivino säljer per flaska; beräknat som 6 st, betyg 3.6",http://www.boutellierwines.com/products/domaine-mourchon-cote-du-rhone-rouge-2021
Vivino,2× Bauer Haus Spätlese 2023 ×6,12,1 174,0,1 174,98,,live,"fri frakt från 1000 kr; äldre uppgift; kod VIBJUDERPAFRAKTEN har gett fri frakt på första ordern; Vivino säljer per flaska; beräknat som 6 st, betyg 3.7",https://buywinesonline.com/products/bauer-haus-spatlese-2023-750-ml
Vivino,2× Mont Gravet Rosé 2025 ×6,12,1 174,0,1 174,98,,live,"fri frakt från 1000 kr; äldre uppgift; kod VIBJUDERPAFRAKTEN har gett fri frakt på första ordern; Vivino säljer per flaska; beräknat som 6 st, betyg 3.9",https://buywinesonline.com/products/montgravet-rose-2023-750-ml
Vivino,2× Donausonne Blaufränkisch 2024 ×6,12,1 174,0,1 174,98,,live,"fri frakt från 1000 kr; äldre uppgift; kod VIBJUDERPAFRAKTEN har gett fri frakt på första ordern; Vivino säljer per flaska; beräknat som 6 st, betyg 3.7",https://buywinesonline.com/products/donausonne-blaufrankisch-750-ml
Vivino,2× Gnarly Head Old Vine Zinfandel 2024 ×6,12,1 174,0,1 174,98,,live,"fri frakt från 1000 kr; äldre uppgift; kod VIBJUDERPAFRAKTEN har gett fri frakt på första ordern; Vivino säljer per flaska; beräknat som 6 st, betyg 3.9",https://buywinesonline.com/products/gnarly-head-old-vine-zinfandel-2024-750-ml
Vivino,2× Alamos Cabernet Sauvignon 2024 ×6,12,1 174,0,1 174,98,,live,"fri frakt från 1000 kr; äldre uppgift; kod VIBJUDERPAFRAKTEN har gett fri frakt på första ordern; Vivino säljer per flaska; beräknat som 6 st, betyg 3.8",https://buywinesonline.com/products/alamos-cabernet-sauvignon-750-ml
Vivino,2× Chateau Souverain Pinot Noir 2023 ×6,12,1 174,0,1 174,98,,live,"fri frakt från 1000 kr; äldre uppgift; kod VIBJUDERPAFRAKTEN har gett fri frakt på första ordern; Vivino säljer per flaska; beräknat som 6 st, betyg 3.5",https://www.mywineconnection.com/products/chateau-souverain-pinot-noir-2018-750ml
Vivino,2× Jacob's Creek Moscato 2025 ×6,12,1 174,0,1 174,98,,live,"fri frakt från 1000 kr; äldre uppgift; kod VIBJUDERPAFRAKTEN har gett fri frakt på första ordern; Vivino säljer per flaska; beräknat som 6 st, betyg 3.6",https://buywinesonline.com/products/jacobs-creek-moscato-750-ml
Vivino,2× Porta Vita Rosso 2024 ×6,12,1 174,0,1 174,98,,live,"fri frakt från 1000 kr; äldre uppgift; kod VIBJUDERPAFRAKTEN har gett fri frakt på första ordern; Vivino säljer per flaska; beräknat som 6 st, betyg 3.7",https://buywinesonline.com/products/porta-vita-rosso-750-ml
Vivino,2× St. Christopher Piesporter Michelsberg 2023 ×6,12,1 174,0,1 174,98,,live,"fri frakt från 1000 kr; äldre uppgift; kod VIBJUDERPAFRAKTEN har gett fri frakt på första ordern; Vivino säljer per flaska; beräknat som 6 st, betyg 3.9",https://buywinesonline.com/products/st-christopher-piesporter-michelsberg-qba-2023-750-ml
Vivino,2× Barefoot Moscato ×6,12,1 174,0,1 174,98,,live,"fri frakt från 1000 kr; äldre uppgift; kod VIBJUDERPAFRAKTEN har gett fri frakt på första ordern; Vivino säljer per flaska; beräknat som 6 st, betyg 3.8",https://buywinesonline.com/products/barefoot-moscato-750-ml
Vivino,2× Renacer Punto Final Malbec Rosé 2022 ×6,12,1 174,0,1 174,98,,live,"fri frakt från 1000 kr; äldre uppgift; kod VIBJUDERPAFRAKTEN har gett fri frakt på första ordern; Vivino säljer per flaska; beräknat som 6 st, betyg 3.8",https://buywinesonline.com/products/punto-final-malbec-rose-2022-750-ml
Vivino,2× St. Christopher Piesporter Michelsberg Riesling  Spätlese 2025 ×6,12,1 174,0,1 174,98,,live,"fri frakt från 1000 kr; äldre uppgift; kod VIBJUDERPAFRAKTEN har gett fri frakt på första ordern; Vivino säljer per flaska; beräknat som 6 st, betyg 4.1",https://buywinesonline.com/products/st-christopher-piesporter-michelsberg-riesling-spatlese-2025
Vivino,2× Sichel Cave Bel Air Bordeaux Sauvignon 2021 ×6,12,1 174,0,1 174,98,,live,"fri frakt från 1000 kr; äldre uppgift; kod VIBJUDERPAFRAKTEN har gett fri frakt på första ordern; Vivino säljer per flaska; beräknat som 6 st, betyg 3.8",https://buywinesonline.com/products/maison-sichel-bel-air-bordeaux-blanc-2021-750-ml
Vivino,2× Maison Nicolas Cabernet Sauvignon 2024 ×6,12,1 174,0,1 174,98,,live,"fri frakt från 1000 kr; äldre uppgift; kod VIBJUDERPAFRAKTEN har gett fri frakt på första ordern; Vivino säljer per flaska; beräknat som 6 st, betyg 3.5",https://buywinesonline.com/products/nicolas-cabernet-sauvignon-2024-750-ml
Vivino,2× Château Argadens Bordeaux Blanc 2020 ×6,12,1 174,0,1 174,98,,live,"fri frakt från 1000 kr; äldre uppgift; kod VIBJUDERPAFRAKTEN har gett fri frakt på första ordern; Vivino säljer per flaska; beräknat som 6 st, betyg 3.8",https://buywinesonline.com/products/chateau-argadens-blanc-bordeaux-superior-2020-750-ml
Vivino,2× Barefoot White Zinfandel ×6,12,1 174,0,1 174,98,,live,"fri frakt från 1000 kr; äldre uppgift; kod VIBJUDERPAFRAKTEN har gett fri frakt på första ordern; Vivino säljer per flaska; beräknat som 6 st, betyg 3.6",https://buywinesonline.com/products/barefoot-white-zinfandel-750-ml
Vivino,2× Alpha Project Cabernet Sauvignon 2019 ×6,12,1 177,0,1 177,98,,live,"fri frakt från 1000 kr; äldre uppgift; kod VIBJUDERPAFRAKTEN har gett fri frakt på första ordern; Vivino säljer per flaska; beräknat som 6 st, betyg 3.9",https://www.foramazingwine.com/shop/product/alpha-project-north-coast-cabernet-sauvignon/62619dc7f480ea6f5f7534ce?option-id=bbd7f013fcd33ec3b3f6e8ef2f4d4b797b2f4b0b6e58d531e19afbeaeee0d4b4&utm_source=vivino&utm_medium=feed
Vivino,2× California Roots Red Blend 2022 ×6,12,1 177,0,1 177,98,,live,"fri frakt från 1000 kr; äldre uppgift; kod VIBJUDERPAFRAKTEN har gett fri frakt på första ordern; Vivino säljer per flaska; beräknat som 6 st, betyg 3.5",https://www.foramazingwine.com/shop/product/california-roots-red-blend-red-blend/5fe2c2ee9033c01959066c63?option-id=9ee148f166fc76122bb1a6320d536f95ef13d8140765feb2533a38e22c2b13b9&utm_source=vivino&utm_medium=feed
Vivino,2× Bieler Père et Fils Rosé (Cuvée Sabine) 2024 ×6,12,1 177,0,1 177,98,,live,"fri frakt från 1000 kr; äldre uppgift; kod VIBJUDERPAFRAKTEN har gett fri frakt på första ordern; Vivino säljer per flaska; beräknat som 6 st, betyg 4",https://www.foramazingwine.com/shop/product/bieler-pre-et-fils-ros/56ca3dbe7562752ed5c40000?option-id=50c3e62edfa35420581b939c9fd1b3776cc6b4ba869e7e60228953e70d0fca67&utm_source=vivino&utm_medium=feed
Vivino,2× Columbia Crest Grand Estates Cabernet Sauvignon 2020 ×6,12,1 177,0,1 177,98,,live,"fri frakt från 1000 kr; äldre uppgift; kod VIBJUDERPAFRAKTEN har gett fri frakt på första ordern; Vivino säljer per flaska; beräknat som 6 st, betyg 3.7",https://www.foramazingwine.com/shop/product/columbia-crest-grand-estates-cabernet-sauvignon/56c3372d69702d27edea0300?option-id=40c29b73f0f244dfa150dc667595185a250b412f1620a2a53e6eb3a784b80c30&utm_source=vivino&utm_medium=feed
Vivino,2× Altos del Plata Chardonnay 2017 ×6,12,1 178,0,1 178,98,,live,"fri frakt från 1000 kr; äldre uppgift; kod VIBJUDERPAFRAKTEN har gett fri frakt på första ordern; Vivino säljer per flaska; beräknat som 6 st, betyg 3.5",https://www.socalws.com/products/terrazas-altos-del-plata-chardonnay-088110158972
Vivino,2× Alamos Red Blend 2024 ×6,12,1 178,0,1 178,98,,live,"fri frakt från 1000 kr; äldre uppgift; kod VIBJUDERPAFRAKTEN har gett fri frakt på första ordern; Vivino säljer per flaska; beräknat som 6 st, betyg 3.8",https://www.mywineconnection.com/products/alamos-red-blend-2020-750ml
Vivino,2× Voga Pinot Grigio 2015 ×6,12,1 179,0,1 179,98,,live,"fri frakt från 1000 kr; äldre uppgift; kod VIBJUDERPAFRAKTEN har gett fri frakt på första ordern; Vivino säljer per flaska; beräknat som 6 st, betyg 3.6",https://www.socalws.com/products/voga-sicily-pinot-grigio-021893795088
Vivino,2× Brown Estate House of Brown Chardonnay 2022 ×6,12,1 179,0,1 179,98,,live,"fri frakt från 1000 kr; äldre uppgift; kod VIBJUDERPAFRAKTEN har gett fri frakt på första ordern; Vivino säljer per flaska; beräknat som 6 st, betyg 4",http://www.vivino.com/wines/170709764
Vivino,2× Madrigal Zinfandel 2019 ×6,12,1 179,0,1 179,98,,live,"fri frakt från 1000 kr; äldre uppgift; kod VIBJUDERPAFRAKTEN har gett fri frakt på första ordern; Vivino säljer per flaska; beräknat som 6 st, betyg 3.9",http://www.vivino.com/wines/161236076
Vivino,2× Ruth Lewandowski L. Stone Fox Hill Vineyard Zero Sangiovese 2021 ×6,12,1 179,0,1 179,98,,live,"fri frakt från 1000 kr; äldre uppgift; kod VIBJUDERPAFRAKTEN har gett fri frakt på första ordern; Vivino säljer per flaska; beräknat som 6 st, betyg 3.6",http://www.vivino.com/wines/174454401
Vivino,2× Salmon Creek Sparkling Brut ×6,12,1 179,0,1 179,98,,live,"fri frakt från 1000 kr; äldre uppgift; kod VIBJUDERPAFRAKTEN har gett fri frakt på första ordern; Vivino säljer per flaska; beräknat som 6 st, betyg 3.5",https://lakeforestwines.com/shop/product/salmon-creek-sparkling-brut/68edadc285577d612e17e7dd?option-id=64f6a721052729f7ae96d830199e41929e5d438d55d1546a26ebd289c64aaf49&utm_source=vivino&utm_medium=feed
Vivino,2× Santa Julia Orgánica Tempranillo 2021 ×6,12,1 179,0,1 179,98,,live,"fri frakt från 1000 kr; äldre uppgift; kod VIBJUDERPAFRAKTEN har gett fri frakt på första ordern; Vivino säljer per flaska; beräknat som 6 st, betyg 3.5",https://www.mywineconnection.com/products/santa-julia-organica-tempranillo-2020-750ml
Vivino,2× Santa Julia Orgánica Chardonnay 2021 ×6,12,1 179,0,1 179,98,,live,"fri frakt från 1000 kr; äldre uppgift; kod VIBJUDERPAFRAKTEN har gett fri frakt på första ordern; Vivino säljer per flaska; beräknat som 6 st, betyg 3.5",https://www.mywineconnection.com/products/santa-julia-organica-chardonnay-2020-750ml
Vivino,2× Santa Julia Orgánica Cabernet Sauvignon 2025 ×6,12,1 179,0,1 179,98,,live,"fri frakt från 1000 kr; äldre uppgift; kod VIBJUDERPAFRAKTEN har gett fri frakt på första ordern; Vivino säljer per flaska; beräknat som 6 st, betyg 3.7",https://www.mywineconnection.com/products/santa-julia-organica-cabernet-sauvignon-2020-750ml
Vivino,2× Bodegas Los Pinos Monastrell - Cabernet Sauvignon 2021 ×6,12,1 179,0,1 179,98,,live,"fri frakt från 1000 kr; äldre uppgift; kod VIBJUDERPAFRAKTEN har gett fri frakt på första ordern; Vivino säljer per flaska; beräknat som 6 st, betyg 3.6",https://www.mywineconnection.com/products/bodegas-los-pinos-monastrell-cabernet-sauvignon-2021-750ml
Vivino,2× Cursive Rosé 2020 ×6,12,1 179,0,1 179,98,,live,"fri frakt från 1000 kr; äldre uppgift; kod VIBJUDERPAFRAKTEN har gett fri frakt på första ordern; Vivino säljer per flaska; beräknat som 6 st, betyg 3.6",https://www.mywineconnection.com/products/cursive-rose-2020-750ml-1
Vivino,2× Ménage à Trois Midnight Dark Red Blend 2021 ×6,12,1 179,0,1 179,98,,live,"fri frakt från 1000 kr; äldre uppgift; kod VIBJUDERPAFRAKTEN har gett fri frakt på första ordern; Vivino säljer per flaska; beräknat som 6 st, betyg 3.9",http://www.vivino.com/wines/167141803
Vivino,2× Cascina Valle Asinari Moscato d'Asti 2022 ×6,12,1 179,0,1 179,98,,live,"fri frakt från 1000 kr; äldre uppgift; kod VIBJUDERPAFRAKTEN har gett fri frakt på första ordern; Vivino säljer per flaska; beräknat som 6 st, betyg 3.9",http://www.vivino.com/wines/172280695
Vivino,2× La Marenca Moscato d'Asti 2023 ×6,12,1 179,0,1 179,98,,live,"fri frakt från 1000 kr; äldre uppgift; kod VIBJUDERPAFRAKTEN har gett fri frakt på första ordern; Vivino säljer per flaska; beräknat som 6 st, betyg 4",http://www.vivino.com/wines/176802377
Vivino,2× Cantina La-Vis Gewürztraminer 2021 ×6,12,1 179,0,1 179,98,,live,"fri frakt från 1000 kr; äldre uppgift; kod VIBJUDERPAFRAKTEN har gett fri frakt på första ordern; Vivino säljer per flaska; beräknat som 6 st, betyg 4.1",http://www.vivino.com/wines/167866856
Vivino,2× 19 Crimes Red Blend ×6,12,1 179,0,1 179,98,,live,"fri frakt från 1000 kr; äldre uppgift; kod VIBJUDERPAFRAKTEN har gett fri frakt på första ordern; Vivino säljer per flaska; beräknat som 6 st, betyg 4",http://www.vivino.com/wines/4867744
Vivino,2× 19 Crimes The Banished Dark Red ×6,12,1 179,0,1 179,98,,live,"fri frakt från 1000 kr; äldre uppgift; kod VIBJUDERPAFRAKTEN har gett fri frakt på första ordern; Vivino säljer per flaska; beräknat som 6 st, betyg 4",http://www.vivino.com/wines/146899027
Vivino,2× Madrigal Zinfandel 2018 ×6,12,1 179,0,1 179,98,,live,"fri frakt från 1000 kr; äldre uppgift; kod VIBJUDERPAFRAKTEN har gett fri frakt på första ordern; Vivino säljer per flaska; beräknat som 6 st, betyg 4",http://www.vivino.com/wines/166083097
Vivino,2× Rashi Joyvin Rouge ×6,12,1 179,0,1 179,98,,live,"fri frakt från 1000 kr; äldre uppgift; kod VIBJUDERPAFRAKTEN har gett fri frakt på första ordern; Vivino säljer per flaska; beräknat som 6 st, betyg 3.6",https://www.socalws.com/products/rashi-joyvin-rouge-087752006474
Vivino,2× Cuatro Rayas Nave Sur Verdejo 2025 ×6,12,1 180,0,1 180,98,,live,"fri frakt från 1000 kr; äldre uppgift; kod VIBJUDERPAFRAKTEN har gett fri frakt på första ordern; Vivino säljer per flaska; beräknat som 6 st, betyg 3.6",https://www.abcwinecompany.com/product/nave-sur-rueda-verdejo-2025-750-ml-3qgnimgu9xvvi
Vivino,2× Yellow Tail Shiraz - Cabernet 2020 ×6,12,1 180,0,1 180,98,,live,"fri frakt från 1000 kr; äldre uppgift; kod VIBJUDERPAFRAKTEN har gett fri frakt på första ordern; Vivino säljer per flaska; beräknat som 6 st, betyg 3.5",https://www.mywineconnection.com/products/yellow-tail-shiraz-cabernet-sauvignon-south-eastern-australia-2020-750ml
Vivino,2× Wölffer Estate Finca Wölffer White 2021 ×6,12,1 180,0,1 180,98,,live,"fri frakt från 1000 kr; äldre uppgift; kod VIBJUDERPAFRAKTEN har gett fri frakt på första ordern; Vivino säljer per flaska; beräknat som 6 st, betyg 3.9",https://www.abcwinecompany.com/product/finca-wolffer-white-2021-750-ml-5n6v4mq1fo94x
Vivino,2× Honoro Vera Monastrell 2021 ×6,12,1 180,0,1 180,98,,live,"fri frakt från 1000 kr; äldre uppgift; kod VIBJUDERPAFRAKTEN har gett fri frakt på första ordern; Vivino säljer per flaska; beräknat som 6 st, betyg 3.7",https://www.mywineconnection.com/products/honoro-vera-monastrell-2021-750ml
Nordiska Vin,12 flaskor Franskt bubbel - Brut,12,1 188,0,1 188,99,,live,fri frakt från 999 kr; 1 999 kr för fri frakt utanför tätort; Helsingborg räknas som tätort,https://nordiskavin.se/store/wines
Vivino,2× Bleecker Cabernet Sauvignon 2023 ×6,12,1 195,0,1 195,100,,live,"fri frakt från 1000 kr; äldre uppgift; kod VIBJUDERPAFRAKTEN har gett fri frakt på första ordern; Vivino säljer per flaska; beräknat som 6 st, betyg 3.5",https://littlewestwine.com/products/bleecker-cabernet-sauvignon-california-2023
Vivino,2× Ilurce Rio Madre Graciano 2022 ×6,12,1 233,0,1 233,103,,live,"fri frakt från 1000 kr; äldre uppgift; kod VIBJUDERPAFRAKTEN har gett fri frakt på första ordern; Vivino säljer per flaska; beräknat som 6 st, betyg 3.6",https://hopcaskandbarrel.com/shop/product/rio-madre-graciano/56c337d469702d27edd70d00?option-id=ff30477156c72240922dbbd068c5d320bd7c99ea493556ef09e3bf1bead4bf61&utm_source=vivino&utm_medium=feed
Vivino,2× Callaway Cellar Selection Chardonnay 2023 ×6,12,1 239,0,1 239,103,,live,"fri frakt från 1000 kr; äldre uppgift; kod VIBJUDERPAFRAKTEN har gett fri frakt på första ordern; Vivino säljer per flaska; beräknat som 6 st, betyg 3.7",https://buywinesonline.com/products/callaway-cellar-selection-chardonnay-750-ml
Vivino,2× Robert Hall Sauvignon Blanc 2019 ×6,12,1 288,0,1 288,107,,live,"fri frakt från 1000 kr; äldre uppgift; kod VIBJUDERPAFRAKTEN har gett fri frakt på första ordern; Vivino säljer per flaska; beräknat som 6 st, betyg 3.5",https://hopcaskandbarrel.com/shop/product/robert-hall-sauvignon-blanc/56f4722669702d7cba471800?option-id=e2e8fc9efae35474db321faf78a39666b3ffd53a1b0ea697e2baddbd3e79f3a1&utm_source=vivino&utm_medium=feed
Nordiska Vin,Köp bubbellåda 12-pack online | Bra pris och hemleverans!,12,1 299,0,1 299,108,,live,fri frakt från 999 kr; 1 999 kr för fri frakt utanför tätort; Helsingborg räknas som tätort,https://nordiskavin.se/store/italienska-blanc-de-blancs-och-cuvee-12-pack-flaska
Nordiska Vin,Köp franska vita Chardonnay online | Bra pris och hemleverans!,12,1 299,0,1 299,108,,live,fri frakt från 999 kr; 1 999 kr för fri frakt utanför tätort; Helsingborg räknas som tätort,https://nordiskavin.se/store/chardonnay-vita-favoriter-12-flaskor
Vivino,2× Pol Clément Brut (Blanc de Blancs) ×6,12,1 293,0,1 293,108,,live,"fri frakt från 1000 kr; äldre uppgift; kod VIBJUDERPAFRAKTEN har gett fri frakt på första ordern; Vivino säljer per flaska; beräknat som 6 st, betyg 3.5",https://buywinesonline.com/products/pol-clement-brut-nv
Vivino,2× Segura Viudas Cava Brut Rosado ×6,12,1 293,0,1 293,108,,live,"fri frakt från 1000 kr; äldre uppgift; kod VIBJUDERPAFRAKTEN har gett fri frakt på första ordern; Vivino säljer per flaska; beräknat som 6 st, betyg 3.5",https://www.mywineconnection.com/products/segura-viudas-cava-brut-rosado-750ml
Vivino,2× Quinta de São Sebastião Forte de S. Sebastião Signature Touriga Nacional - Syrah 2021 ×6,12,1 293,0,1 293,108,,live,"fri frakt från 1000 kr; äldre uppgift; kod VIBJUDERPAFRAKTEN har gett fri frakt på första ordern; Vivino säljer per flaska; beräknat som 6 st, betyg 3.8",https://buywinesonline.com/products/forte-de-s-sebastiao-signature-2021-750-ml
Vivino,2× Château des Gravières Graves Blanc 2025 ×6,12,1 293,0,1 293,108,,live,"fri frakt från 1000 kr; äldre uppgift; kod VIBJUDERPAFRAKTEN har gett fri frakt på första ordern; Vivino säljer per flaska; beräknat som 6 st, betyg 3.8",https://buywinesonline.com/products/ch-la-graviere-white-2025-750-ml
Vivino,2× Jaume Serra Cristalino Cava Extra Dry ×6,12,1 293,0,1 293,108,,live,"fri frakt från 1000 kr; äldre uppgift; kod VIBJUDERPAFRAKTEN har gett fri frakt på första ordern; Vivino säljer per flaska; beräknat som 6 st, betyg 3.5",https://www.mywineconnection.com/products/jaume-serra-cristalino-extra-dry-cava-750ml
Vinoteket,"Vinprenumeration baslåda, 9 flaskor",9,999,0,999,111,,känd 2026-09-28,"fri frakt från 799 kr; prenumeration, kan pausas",https://vinoteket.se/attribut/vinprenumeration
Nordiska Vin,Den stora ljusa rosélådan i elegant Provence-stil 12 flaskor,12,1 349,0,1 349,112,,live,fri frakt från 999 kr; 1 999 kr för fri frakt utanför tätort; Helsingborg räknas som tätort,https://nordiskavin.se/store/den-stora-ljusa-roseladan-elegant-provence-stil
Nordiska Vin,Fransk och italiensk bubbellåda,12,1 389,0,1 389,116,,live,fri frakt från 999 kr; 1 999 kr för fri frakt utanför tätort; Helsingborg räknas som tätort,https://nordiskavin.se/store/fransk-och-italiensk-bubbellada
Nordiska Vin,Köp fransk bubbellåda 12-pack online | Bra pris och hemleverans!,12,1 389,0,1 389,116,,live,fri frakt från 999 kr; 1 999 kr för fri frakt utanför tätort; Helsingborg räknas som tätort,https://nordiskavin.se/store/fransk-bubbellada-12-pack-flaska
Nordiska Vin,2× Köp Pinot Noir blandlåda 8 flaskor online | Bra pris och hemleverans!,16,1 858,0,1 858,116,,live,fri frakt från 999 kr; 1 999 kr för fri frakt utanför tätort; Helsingborg räknas som tätort,https://nordiskavin.se/store/prisvard-fransk-pinot-noir-blandlada-8-flaskor
Nordiska Vin,2× Köp Rosé och vitt i blandlåda online | Bra pris och hemleverans!,12,1 398,0,1 398,116,,live,fri frakt från 999 kr; 1 999 kr för fri frakt utanför tätort; Helsingborg räknas som tätort,https://nordiskavin.se/store/rose-vitt-clairement-blandlada
Nordiska Vin,"Vår stora Appassimentolåda, 12 flaskor",12,1 399,0,1 399,117,,live,fri frakt från 999 kr; 1 999 kr för fri frakt utanför tätort; Helsingborg räknas som tätort,https://nordiskavin.se/store/storsta-appassimento-ammone
Nordiska Vin,Köp franska höstlådan 12-pack online | Bra pris och hemleverans!,12,1 399,0,1 399,117,,live,fri frakt från 999 kr; 1 999 kr för fri frakt utanför tätort; Helsingborg räknas som tätort,https://nordiskavin.se/store/kompletta-franska-paketet-for-hosten
Nordiska Vin,"Fransk Brut - Krispigt och fräscht! Stora lådan, 12 flaskor",12,1 439,0,1 439,120,,live,fri frakt från 999 kr; 1 999 kr för fri frakt utanför tätort; Helsingborg räknas som tätort,https://nordiskavin.se/store/franskt-brut-blandlada
Nordiska Vin,Fransk Brut - Krispigt och fräscht! 9 flaskor,9,1 099,0,1 099,122,,live,fri frakt från 999 kr; 1 999 kr för fri frakt utanför tätort; Helsingborg räknas som tätort,https://nordiskavin.se/store/franskt-brut-blandlada-9-flaskor
Nordiska Vin,Sauvignon och Chenin Blanc duo från Frankrike - 12 flaskor,12,1 499,0,1 499,125,,live,fri frakt från 999 kr; 1 999 kr för fri frakt utanför tätort; Helsingborg räknas som tätort,https://nordiskavin.se/store/friska-favoriter-sauvignon-loire
Nordiska Vin,Appassimento med 98 poäng 12 flaskor,12,1 499,0,1 499,125,,live,fri frakt från 999 kr; 1 999 kr för fri frakt utanför tätort; Helsingborg räknas som tätort,https://nordiskavin.se/store/appassimento-blandlada-98p-duca-di-saragnano
Nordiska Vin,Köp vitt Sauvignon flerpack online | Bra pris och hemleverans!,8,999,0,999,125,,live,fri frakt från 999 kr; 1 999 kr för fri frakt utanför tätort; Helsingborg räknas som tätort,https://nordiskavin.se/store/friska-favoriter-sauvignon-loire-8-flaskor
Nordiska Vin,"Instegslådan för Appassimentoälskare, 9 flaskor",9,1 149,0,1 149,128,,live,fri frakt från 999 kr; 1 999 kr för fri frakt utanför tätort; Helsingborg räknas som tätort,https://nordiskavin.se/store/stora-apassimentoladan
Nordiska Vin,Blandlåda 9 flaskor,9,1 149,0,1 149,128,,känd 2026-09-28,"fri frakt från 999 kr; 1 999 kr för fri frakt utanför tätort; Helsingborg räknas som tätort; −20 %, ord. 1 431 kr",https://nordiskavin.se/store/collections/blandlador
Supervin,2× Bordeaux 2019 Vinlåda,12,1 600,0,1 600,133,,live,fri frakt från 1000 kr; 2–5 vardagar,https://www.supervin.se/bordeaux-2019-vinlada
Nordiska Vin,Fylliga Italienska Fiano Bianco och Chardonnay 9 flaskor,9,1 199,0,1 199,133,,live,fri frakt från 999 kr; 1 999 kr för fri frakt utanför tätort; Helsingborg räknas som tätort,https://nordiskavin.se/store/italienska-bianco-chardonnay-blandlada
Nordiska Vin,Köp Stora Italienska Bianco och Chardonnay-lådan online | Bra pris och hemleverans!,12,1 599,0,1 599,133,,live,fri frakt från 999 kr; 1 999 kr för fri frakt utanför tätort; Helsingborg räknas som tätort,https://nordiskavin.se/store/stora-italienska-bianco-chardonnay-ladan
Nordiska Vin,"2× Hjärtat av Toscana, 6 flaskor",12,1 598,0,1 598,133,,känd 2026-09-28,fri frakt från 999 kr; 1 999 kr för fri frakt utanför tätort; Helsingborg räknas som tätort,https://nordiskavin.se/store/toskanaladan
Vinfolket,Pink Passion - Rosépaket,6,825,0,825,138,,live,fri frakt från 800 kr,https://vinfolket.se/vinpaket/pink-passion-rosepaket/
Vinfolket,Då är rödvin grejen! – 12 flaskor,12,1 675,0,1 675,140,,live,fri frakt från 800 kr,https://vinfolket.se/vinpaket/da-ar-rodvin-grejen-12-flaskor/
Vinfolket,Lätt Kylda Röda,6,898,0,898,150,,live,fri frakt från 800 kr,https://vinfolket.se/vinpaket/latta-roda/
Supervin,2× Ripasso Vinlåda,12,1 820,0,1 820,152,,live,fri frakt från 1000 kr; 2–5 vardagar,https://www.supervin.se/ripasso-vinlada
Vinfolket,Månadens Vinlåda - 6 flaskor,6,950,0,950,158,,live,fri frakt från 800 kr,https://vinfolket.se/vinpaket/manadens-vinlada-6-flaskor/
Vinoteket,"Vinlåda: Prisvärda Premiumviner, 8 flaskor",8,1 499,0,1 499,187,,känd 2026-09-28,fri frakt från 799 kr,https://vinoteket.se/prisvarda-premiumviner
Vinfolket,2× Santa Marias Guldkorn – 3-pack,6,1 500,0,1 500,250,,live,fri frakt från 800 kr,https://vinfolket.se/vinpaket/santa-marias-guldkorn-3-pack/
Supervin,2× Val de France ekologisk mousserande juice smaklåda,4,1 100,0,1 100,275,,live,fri frakt från 1000 kr; 2–5 vardagar,https://www.supervin.se/val-de-france-ekologisk-mousserande-juice-smaklada
Supervin,Ziereisen Vinlåda,6,1 660,0,1 660,277,,live,fri frakt från 1000 kr; 2–5 vardagar,https://www.supervin.se/ziereisen-vinlada
Supervin,"2× Tesch Riesling Karthäuser ""Commissaire"" Nahe 2024 3-pack",6,1 920,0,1 920,320,,live,fri frakt från 1000 kr; 2–5 vardagar,https://www.supervin.se/tesch-riesling-karthauser-commissaire-nahe-2024-3-pack
Supervin,2× Mix-vinlåda Pinot Noir & Chardonnay,6,1 940,0,1 940,323,,live,fri frakt från 1000 kr; 2–5 vardagar,https://www.supervin.se/mix-vinlada-pinot-noir-chardonnay
Nordiska Vin,Köp Exklusivt bubbel i 6-pack online | Fri hemleverans!,6,2 189,0,2 189,365,,live,fri frakt från 999 kr; 1 999 kr för fri frakt utanför tätort; Helsingborg räknas som tätort,https://nordiskavin.se/store/exklusiv-champagne-och-prosecco-blandlada
Vinfolket,ChampagneDax Vinpaket 6 flaskor,6,2 550,0,2 550,425,,live,fri frakt från 800 kr,https://vinfolket.se/vinpaket/champagnedax-vinpaket-6-flaskor/
Vinfolket,Upptäck Prosecco – Vinpaket,2,850,0,850,425,,live,fri frakt från 800 kr,https://vinfolket.se/vinpaket/upptack-prosecco-vinpaket/
Vinfolket,Rhône (Rån) Låda,2,890,0,890,445,,live,fri frakt från 800 kr,https://vinfolket.se/vinpaket/rhone-ran-lada/
Vinfolket,Drick som Romare – Vinpaket,2,895,0,895,448,,live,fri frakt från 800 kr,https://vinfolket.se/vinpaket/drick-som-romare-vinpaket/
Vinfolket,Somrigt Vitt,2,925,0,925,462,,live,fri frakt från 800 kr,https://vinfolket.se/vinpaket/somrigt-vitt/
Vinfolket,Sardinienpaket,2,970,0,970,485,,live,fri frakt från 800 kr,https://vinfolket.se/vinpaket/sardinienpaket/
Vinfolket,Pärlor från Toscana,2,985,0,985,492,,live,fri frakt från 800 kr,https://vinfolket.se/vinpaket/montepescini-parlor-fran-toscana/
Supervin,Grilllådan Smaklåda,2,1 080,0,1 080,540,,live,fri frakt från 1000 kr; 2–5 vardagar,https://www.supervin.se/grillladan-smaklada
Supervin,Triple Threat Vinlåda,2,1 140,0,1 140,570,,live,fri frakt från 1000 kr; 2–5 vardagar,https://www.supervin.se/triple-threat-vinlada
Supervin,Rolland & Galarreta Vinlåda,2,1 240,0,1 240,620,,live,fri frakt från 1000 kr; 2–5 vardagar,https://www.supervin.se/rolland-galarreta-vinlada
Vinfolket,Pinot Noir! – Vinpaket,2,1 297,0,1 297,648,,live,fri frakt från 800 kr,https://vinfolket.se/vinpaket/pinot-noir/
Vinfolket,Winnica Adoria Vinpaket,2,1 298,0,1 298,649,,live,fri frakt från 800 kr,https://vinfolket.se/vinpaket/winnica-adoria-vinpaket/
Supervin,Crémant Vinlåda,2,1 390,0,1 390,695,,live,fri frakt från 1000 kr; 2–5 vardagar,https://www.supervin.se/cremant-vinlada
Vinfolket,Nebbiolo – på olika sätt,2,1 995,0,1 995,998,,live,fri frakt från 800 kr,https://vinfolket.se/vinpaket/nebbiolo-pa-olika-satt/
Wine Trade,2× Champagne 3 pack,6,7 580,149,7 729,1 288,,live,"149 kr frakt; naturvin, privatimport – kontrollera om priset redan inkluderar frakt",https://winetrade.se/products/champagne-3-pack-copy-copy-copy
Supervin,Feudo Maccari Guarnaschelli & Sultana Mixlåda,3,4 770,0,4 770,1 590,,live,fri frakt från 1000 kr; 2–5 vardagar,https://www.supervin.se/feudo-maccari-guarnaschelli-sultana-mixlada
Supervin,Brunello 2017 Vinlåda,2,4 450,0,4 450,2 225,,live,fri frakt från 1000 kr; 2–5 vardagar,https://www.supervin.se/brunello-2017-vinlada
Winefinder,Chateau Bregancon Rosé La Réserve Cru Classé Provence 2025: Köp online | Winefinder,?,249,99,348,?,,live,99 kr frakt; Airmee/Bring,https://www.winefinder.se/vin/frankrike/provence/rose-la-reserve-cru-classe-provence-chateau-bregancon-2025-kpw137675
Dittvin,Dittvins Alkoholfri vinlåda🥂,?,180,189,369,?,,live,189 kr frakt; Bring 1–3 vardagar,https://dittvin.se/products/alkoholfri-vinlada-januari-edition-100-smak
Dittvin,Dittvins födelsedagslåda - 6 favoritviner,?,469,189,658,?,,live,189 kr frakt; Bring 1–3 vardagar,https://dittvin.se/products/dittvins-s-fodelsedagslada-6-favoritviner
Dittvin,Dittvins bubbellåda- 6 festliga smakupplevelser 🥂🍾,?,499,189,688,?,,live,189 kr frakt; Bring 1–3 vardagar,https://dittvin.se/products/dittvins-boble-lada-6-festliga-smaksupplevelser
Dittvin,Pronto vinlådan – Smaken av Italien 🇮🇹 🍷☀️,?,539,189,728,?,,live,189 kr frakt; Bring 1–3 vardagar,https://dittvin.se/products/prontokassen-smakfull-resa-till-syditalien-🍷☀️
Dittvin,Dittvins hvidvinslåda - 6 hvidvine fra sydeuropa ☀️🌏,?,549,189,738,?,,live,189 kr frakt; Bring 1–3 vardagar,https://dittvin.se/products/dittvins-hvidvinslada-6-hvidvine-fra-sydeuropa
Wine Trade,Rosélåda!,?,595,149,744,?,,live,"149 kr frakt; naturvin, privatimport – kontrollera om priset redan inkluderar frakt",https://winetrade.se/products/roseladan
Dittvin,Dittvins Surprise Födelsedagslåda - 6 hemliga viner,?,569,189,758,?,,live,189 kr frakt; Bring 1–3 vardagar,https://dittvin.se/products/dittvins-s-overrasknings-fodelsedagslada-6-hemliga-viner
Dittvin,Italienska pärlor - En vinlåda med det bästa från Italien✨,?,569,189,758,?,,live,189 kr frakt; Bring 1–3 vardagar,https://dittvin.se/products/italienska-parlor-en-vinlada-med-det-basta-fran-italien
Dittvin,Lyxig italiensk vinlåda - guldnivå 🥇,?,585,189,774,?,,live,189 kr frakt; Bring 1–3 vardagar,https://dittvin.se/products/italiensk-luksus-smagekasse-guld-niveau
Vinoteket,Vinlåda: Välkommen till Vinoteket (nya kunder),?,699,99,798,?,,känd 2026-09-28,ca 99 kr frakt; ord. 903 kr,https://vinoteket.se/valkommen-till-vinoteket-v1
Dittvin,XL födelsedagslåda - 12 särskilda rödviner 🍷🎁,?,799,0,799,?,,live,fri frakt från 695 kr; Bring 1–3 vardagar,https://dittvin.se/products/xl-fodelsedagslada-12-sarskilda-rodviner
Dittvin,Dittvins 2 års XL födelsedagslåda 🥳🇸🇪,?,799,0,799,?,,live,fri frakt från 695 kr; Bring 1–3 vardagar,https://dittvin.se/products/dittvins-2-ars-fodelsedagslada
Dittvin,XL Intro vinlåda - 6 särskilda smakupplevelser 🍷🍇,?,799,0,799,?,,live,fri frakt från 695 kr; Bring 1–3 vardagar,https://dittvin.se/products/xl-intro-vinlada-12-sarskilda-smaksupplevelser
Dittvin,XL vitvinslåda - En resa genom vitvinets värld❤️,?,849,0,849,?,,live,fri frakt från 695 kr; Bring 1–3 vardagar,https://dittvin.se/products/xl-vitvinslada-en-resa-genom-vitvinets-varld
Supervin,Chardonnay Vinlåda,?,890,29,919,?,,live,29 kr frakt; 2–5 vardagar,https://www.supervin.se/chardonnay-vinlada
Vinfolket,Vinfolket Prova På Paket,?,925,0,925,?,,live,fri frakt från 800 kr,https://vinfolket.se/vinpaket/prova-pa-paket/
Supervin,Spanien runt: Vinlåda med rödviner,?,910,29,939,?,,live,29 kr frakt; 2–5 vardagar,https://www.supervin.se/spanien-runt-vinlada-med-rodviner
Vinoteket,Vinlåda: Höstfynd,?,999,0,999,?,,känd 2026-09-28,fri frakt från 799 kr; ord. 1 491 kr,https://vinoteket.se/semesterdeal
Supervin,Rudi Rüttger Tour de Pfalz Vinlåda,?,990,29,1 019,?,,live,29 kr frakt; 2–5 vardagar,https://www.supervin.se/rudi-ruttger-tour-de-pfalz-vinlada
Supervin,Beyra Vinlåda - 1 Grande Reserva och 5 Beyra Reserva,?,1 020,0,1 020,?,,live,fri frakt från 1000 kr; 2–5 vardagar,https://www.supervin.se/beyra-vinlada-1-grande-reserva-och-5-beyra-reserva
Nordiska Vin,"Ljusa och friska Rosélådan, Provence-stil, Loire och Pays d'Oc",?,1 049,0,1 049,?,,live,fri frakt från 999 kr; 1 999 kr för fri frakt utanför tätort; Helsingborg räknas som tätort,https://nordiskavin.se/store/blandlada-rose-for-sol-och-mingel
Supervin,Sauvignon Blanc Vinlåda,?,1 090,0,1 090,?,,live,fri frakt från 1000 kr; 2–5 vardagar,https://www.supervin.se/sauvignon-blanc-vinlada
Nordiska Vin,Köp roséviner i blandlåda online | Bra pris och hemleverans!,?,1 095,0,1 095,?,,live,fri frakt från 999 kr; 1 999 kr för fri frakt utanför tätort; Helsingborg räknas som tätort,https://nordiskavin.se/store/fransk-och-italiensk-rosefavorit-blandlada
Supervin,Vinlåda med 10 viner,?,1 160,0,1 160,?,,live,fri frakt från 1000 kr; 2–5 vardagar,https://www.supervin.se/vinlada-med-10-viner
Supervin,VM 2026 Smaklåda,?,1 230,0,1 230,?,,live,fri frakt från 1000 kr; 2–5 vardagar,https://www.supervin.se/vm-2026-smaklada
Supervin,Pinot Noir världen runt Vinlåda,?,1 240,0,1 240,?,,live,fri frakt från 1000 kr; 2–5 vardagar,https://www.supervin.se/pinot-noir-varlden-runt-vinlada
Nordiska Vin,"Stora höstlådan, Bordeaux och Merlot",?,1 299,0,1 299,?,,live,fri frakt från 999 kr; 1 999 kr för fri frakt utanför tätort; Helsingborg räknas som tätort,https://nordiskavin.se/store/stora-hostladan-bordeaux-merlot
Nordiska Vin,Köp rosé Provence och Loire online | Bra pris och hemleverans!,?,1 315,0,1 315,?,,live,fri frakt från 999 kr; 1 999 kr för fri frakt utanför tätort; Helsingborg räknas som tätort,https://nordiskavin.se/store/franskt-mingel-med-krispig-rose-flaska
Supervin,3 x topprankade Champagner Vinlåda,?,1 360,0,1 360,?,,live,fri frakt från 1000 kr; 2–5 vardagar,https://www.supervin.se/3-x-topprankade-champagner-vinlada
Nordiska Vin,Köp mousserande viner blandlåda online | Bra pris och hemleverans!,?,1 399,0,1 399,?,,live,fri frakt från 999 kr; 1 999 kr för fri frakt utanför tätort; Helsingborg räknas som tätort,https://nordiskavin.se/store/mousserande-med-prosecco-och-blanc-de-blancs-dacci
Supervin,Ribera del Duero vs Rioja Vinlåda,?,1 400,0,1 400,?,,live,fri frakt från 1000 kr; 2–5 vardagar,https://www.supervin.se/ribera-del-duero-vs-rioja-vinlada
Supervin,Nyårslåda - Champagne,?,1 410,0,1 410,?,,live,fri frakt från 1000 kr; 2–5 vardagar,https://www.supervin.se/nyarslada-champagne
Supervin,Vinlåda med bubbel - 1 Blanc de Blancs Champagne och 5 Crémant de Bourgogne,?,1 430,0,1 430,?,,live,fri frakt från 1000 kr; 2–5 vardagar,https://www.supervin.se/vinlada-med-bubbel-1-blanc-de-blancs-champagne-och-5-cremant-de-bourgogne
Vinfolket,"En låda bubbel, tack!",?,1 450,0,1 450,?,,live,fri frakt från 800 kr,https://vinfolket.se/vinpaket/en-lada-bubbel-tack/
Supervin,Spätburgunder Vinlåda,?,1 480,0,1 480,?,,live,fri frakt från 1000 kr; 2–5 vardagar,https://www.supervin.se/spatburgunder-vinlada
Nordiska Vin,Köp Stora Chianti-lådan online | Bra pris och hemleverans!,?,1 499,0,1 499,?,,live,fri frakt från 999 kr; 1 999 kr för fri frakt utanför tätort; Helsingborg räknas som tätort,https://nordiskavin.se/store/stora-chiantiladan
Supervin,Vit Bourgogne VS. Vit Bordeaux Vinlåda,?,1 580,0,1 580,?,,live,fri frakt från 1000 kr; 2–5 vardagar,https://www.supervin.se/vit-bourgogne-vs-vit-bordeaux-vinlada
Nordiska Vin,Fransk rödvinsmix Bordeaux och Rhône,?,1 599,0,1 599,?,,live,fri frakt från 999 kr; 1 999 kr för fri frakt utanför tätort; Helsingborg räknas som tätort,https://nordiskavin.se/store/bundlelada
Nordiska Vin,Köp Topproducenter Låda | Europa | Hemleverans – Nordiska Vin,?,1 599,0,1 599,?,,live,fri frakt från 999 kr; 1 999 kr för fri frakt utanför tätort; Helsingborg räknas som tätort,https://nordiskavin.se/store/top-producenter-fran-italien-och-frankrike
Wine Trade,Höstlåda #1,?,1 490,149,1 639,?,,live,"149 kr frakt; naturvin, privatimport – kontrollera om priset redan inkluderar frakt",https://winetrade.se/products/hostlada-1
Nordiska Vin,Italiensk guldbox med Appassimento från Puglia och Sicilien,?,1 649,0,1 649,?,,live,fri frakt från 999 kr; 1 999 kr för fri frakt utanför tätort; Helsingborg räknas som tätort,https://nordiskavin.se/store/duca-di-saragnano-appassimento-blandlada
Supervin,Vit Bourgogne Vinlåda,?,1 720,0,1 720,?,,live,fri frakt från 1000 kr; 2–5 vardagar,https://www.supervin.se/vit-bourgogne-vinlada
Nordiska Vin,Köp Produttori Riserva Låda | Piemonte | Hemleverans – Nordiska Vin,?,2 199,0,2 199,?,,live,fri frakt från 999 kr; 1 999 kr för fri frakt utanför tätort; Helsingborg räknas som tätort,https://nordiskavin.se/store/produttori-riserve-favoriter
Supervin,Champagne Vinlåda,?,2 260,0,2 260,?,,live,fri frakt från 1000 kr; 2–5 vardagar,https://www.supervin.se/champagne-vinlada
Supervin,"Giodo ""La Quinta"" vertikal vinlåda",?,3 270,0,3 270,?,,live,fri frakt från 1000 kr; 2–5 vardagar,https://www.supervin.se/giodo-la-quinta-vertikal-vinlada
Supervin,Bibi Graetz Balocchi di Colore 2020 Limited Edition Vinlåda,?,28 690,0,28 690,?,,live,fri frakt från 1000 kr; 2–5 vardagar,https://www.supervin.se/bibi-graetz-balocchi-di-colore-2020-limited-edition-vinlada
Gassås Wine,Trälåda - ospecificerat [12 pac],?,250,?,?,?,,live,"fraktavgift okänd – kontrollera i kassan; PostNord, leverans tors/sön",https://gassaswine.se/produkt/tralada-ospecificerat-12-pac
Gassås Wine,Trälåda - ospecificerat [1 pac],?,250,?,?,?,,live,"fraktavgift okänd – kontrollera i kassan; PostNord, leverans tors/sön",https://gassaswine.se/produkt/tralada-ospecificerat-1-pac
Gassås Wine,Trälåda - ospecificerat [3 pac],?,250,?,?,?,,live,"fraktavgift okänd – kontrollera i kassan; PostNord, leverans tors/sön",https://gassaswine.se/produkt/tralada-ospecificerat-3-pac
Gassås Wine,Trälåda - ospecificerat [6 pac],?,250,?,?,?,,live,"fraktavgift okänd – kontrollera i kassan; PostNord, leverans tors/sön",https://gassaswine.se/produkt/tralada-ospecificerat-6-eller-12-pac
Nordiska Vin,Köp Appassimentolådan med röda viner online | Bra pris och hemleverans!,?,749,?,?,?,,live,fraktavgift okänd – kontrollera i kassan; 1 999 kr för fri frakt utanför tätort; Helsingborg räknas som tätort,https://nordiskavin.se/store/appassimentoladan
Nordiska Vin,Smakfullt Rosépaket från Frankrike,?,849,?,?,?,,live,fraktavgift okänd – kontrollera i kassan; 1 999 kr för fri frakt utanför tätort; Helsingborg räknas som tätort,https://nordiskavin.se/store/franska-rosefavoriter-loire-och-grenache-flaska
Nordiska Vin,Köp Chardonnay blandlåda online | Bra pris och hemleverans!,?,899,?,?,?,,live,fraktavgift okänd – kontrollera i kassan; 1 999 kr för fri frakt utanför tätort; Helsingborg räknas som tätort,https://nordiskavin.se/store/chardonnay-vita-favoriter-8-flaskor
Nordiska Vin,Köp Bordeaux och Merlot Rödvinslåda | Hemleverans – Nordiska Vin,?,995,?,?,?,,live,fraktavgift okänd – kontrollera i kassan; 1 999 kr för fri frakt utanför tätort; Helsingborg räknas som tätort,https://nordiskavin.se/store/bordeaux-klassisk-rodvinslada-9-flaskor
Nordiska Vin,Köp exklusiv vitvinslåda Chardonnay & Sauvignon online | Bra pris och hemleverans!,?,998,?,?,?,,live,fraktavgift okänd – kontrollera i kassan; 1 999 kr för fri frakt utanför tätort; Helsingborg räknas som tätort,https://nordiskavin.se/store/exklusiv-prova-pa-lada-chardonnay-italiensk-bianco
Vinibutik,Yllera lådan,2,999,?,?,?,,live,fraktavgift okänd – kontrollera i kassan; 49 kr till Sthlm/Gbg/Malmöregionen; Helsingborg okänt,https://vinibutik.dk/products/spanien-6-1
Gassås Wine,Mixed Case - Rosso di Montalcino 2022,?,1 924,?,?,?,,live,"fraktavgift okänd – kontrollera i kassan; PostNord, leverans tors/sön",https://gassaswine.se/produkt/mixed-case-rosso-di-montalcino-2022
Gassås Wine,Mystery Box no 1.,12,1 999,?,?,?,,live,"fraktavgift okänd – kontrollera i kassan; PostNord, leverans tors/sön",https://gassaswine.se/produkt/mystery-box-no1
Gassås Wine,Mystery Box no 2.,12,2 999,?,?,?,,live,"fraktavgift okänd – kontrollera i kassan; PostNord, leverans tors/sön",https://gassaswine.se/produkt/mystery-box-no-2
Gassås Wine,Château Potensac - Mixed Case of Great Vintages,?,2 999,?,?,?,,live,"fraktavgift okänd – kontrollera i kassan; PostNord, leverans tors/sön",https://gassaswine.se/produkt/chteau-potensac-mixed-case-of-great-vintages
Gassås Wine,Vina Errazuriz - Don Maximiano Veritical Box [3 bottles 2007- 2010 - 2012],3,3 299,?,?,?,,live,"fraktavgift okänd – kontrollera i kassan; PostNord, leverans tors/sön",https://gassaswine.se/produkt/vina-errazuriz-don-maximiano-veritical-box-3-bottles-2007-2010-2012
Gassås Wine,Champagnelådan - 3 Grand Cru Odlare,?,3 499,?,?,?,,live,"fraktavgift okänd – kontrollera i kassan; PostNord, leverans tors/sön",https://gassaswine.se/produkt/champagneladan-3-grand-cru-odlare
Gassås Wine,Mixed Case - Brunello di Montalcino 2019,?,3 575,?,?,?,,live,"fraktavgift okänd – kontrollera i kassan; PostNord, leverans tors/sön",https://gassaswine.se/produkt/mixed-case-brunello-di-montalcino-2019
Gassås Wine,Champagnelådan - Premier Cru,?,3 623,?,?,?,,live,"fraktavgift okänd – kontrollera i kassan; PostNord, leverans tors/sön",https://gassaswine.se/produkt/champagneladan-premier-cru
Gassås Wine,Domäne Roland Chan 2022 - [mixed case 6-pac],?,4 399,?,?,?,,live,"fraktavgift okänd – kontrollera i kassan; PostNord, leverans tors/sön",https://gassaswine.se/produkt/domane-roland-chan-mixed-case
Gassås Wine,Domäne Roland Chan - Roland Chan display box 2022,?,4 399,?,?,?,,live,"fraktavgift okänd – kontrollera i kassan; PostNord, leverans tors/sön",https://gassaswine.se/produkt/domane-roland-chan-roland-chan-display-box-2022
Gassås Wine,Mystery Box no 3.,12,4 999,?,?,?,,live,"fraktavgift okänd – kontrollera i kassan; PostNord, leverans tors/sön",https://gassaswine.se/produkt/mystery-box-no-3
Gassås Wine,Collectors Case [3pack] - Vit Bourgogne från Albert Bichot 2020,3,4 999,?,?,?,,live,"fraktavgift okänd – kontrollera i kassan; PostNord, leverans tors/sön",https://gassaswine.se/produkt/collectors-case-6pack-vit-bourgogne-fran-albert-bichot-2020
Gassås Wine,Champagnelådan - Grand Cru,?,6 890,?,?,?,,live,"fraktavgift okänd – kontrollera i kassan; PostNord, leverans tors/sön",https://gassaswine.se/produkt/champagneladan-grand-cru
Gassås Wine,Blandlåda [3pack] - Pavillon Blanc du Château Margaux,3,11 997,?,?,?,,live,"fraktavgift okänd – kontrollera i kassan; PostNord, leverans tors/sön",https://gassaswine.se/produkt/blandlada-3pack-pavillon-blanc-du-chteau-margaux
Gassås Wine,Guigal -  Côte Rôtie Trilogy - LaLaLa 2019 [3pack],3,14 997,?,?,?,,live,"fraktavgift okänd – kontrollera i kassan; PostNord, leverans tors/sön",https://gassaswine.se/produkt/guigal-cte-rtie-trilogy-lalala-2019-3pack
Gassås Wine,Vigneron Collection - Cellar Selection,?,20 000,?,?,?,,live,"fraktavgift okänd – kontrollera i kassan; PostNord, leverans tors/sön",https://gassaswine.se/produkt/vigneron-collection-cellar-selection
